Condition,DPD_FSS,DPD_remod,DPD_OSS
CTL_PSS_vs_CTL_STAT,1.8037140771091469,-6.588619622442634,-9.220918182222668
HSS_vs_STAT,13.514036939161837,6.585443508066767,-11.59440192653118
LSS_vs_STAT,-7.111482320672148,6.58720994555579,-9.216368977660295
OSS_vs_STAT,-4.287453362871107,-4.589133470585033,9.218643484493342
PSS_vs_STAT,-1.803714077109147,-6.584033635589661,-9.21307290196825
siCDK2_PSS_vs_CTL_STAT,-2.392274594367318,-5.2645072964006925,0.051018164389128984
siCDK2_STAT_vs_CTL_STAT,-3.3948844831054292,-7.476252840229226,9.64123442910608
STAT_vs_STAT,-2.633847882320037,-7.741474543088913,9.843299318921805
